id;matricula;nome;cpf;email;telefone;ramal
1;transmit turquoise Manager;Washington Landing;Engineer;Jefferey_Labadie@gmail.com;benchmark;Incredible Granite Pizza HDD
2;Lead;e-business online;Intelligent Soft Pants;Marty40@gmail.com;hack deposit Avon;function
3;indigo;Kids Industrial;SCSI 1080p;Thurman_Gaylord@hotmail.com;Handmade Concrete Pants matrix;Refined Wooden Soap Beauty
4;withdrawal;intangible Cambridgeshire definition;Ethiopia Industrial;Maria.Toy97@yahoo.com;iterate;Baby HTTP Personal Loan Account
5;orchid redundant;microchip;Representative haptic ivory;Brice_Morar82@hotmail.com;Paradigm;Personal Loan Account connect Savings Account
6;back-end generate;capacity Svalbard & Jan Mayen Islands magenta;French Guiana deposit Zimbabwe Dollar;Josiah.Olson@gmail.com;innovative monetize;relationships Kiribati interactive
7;Cambridgeshire;e-commerce Compatible Lead;Agent Assurance cross-platform;Hobart.Schamberger29@yahoo.com;Bacon haptic encryption;programming Liaison
8;Data networks Savings Account;mobile;cutting-edge synthesizing;Jamil.Carroll57@yahoo.com;quantifying panel;Reactive
9;synergize Tasty Progressive;invoice plug-and-play;Borders Metical;Caesar_Nikolaus@gmail.com;neural;Shoals
10;transform Borders;index Total;Shore neural Spring;Nola72@yahoo.com;Gorgeous protocol Missouri;Practical Incredible Soft Shirt definition
