id;codigo;nome;descricao
1;74246;Union Credit Card Account Awesome;infrastructures Serbian Dinar
2;85100;Chips;Shoes
3;37761;system;Sleek Soft Soap paradigms reinvent
4;82727;lavender;Small Fresh Shirt Pound Sterling
5;48164;Practical Concrete Pizza Soap Mississippi;bluetooth
6;47903;Handcrafted Cotton Bike Designer;Passage syndicate Multi-channelled
7;44425;alarm;Frozen frame
8;54287;back up;Drive Centers generate
9;87273;Refined Steel Hat;Reverse-engineered Fantastic
10;5678;Fresh;Centers alarm
